id,first_name,last_name,email,phone
1,Townie,Antonio,tantonio0@cpanel.net,579-207-4375
2,Carroll,Skidmore,cskidmore1@imageshack.us,333-277-5778
3,Sollie,O'Crevan,socrevan2@ftc.gov,603-811-9624
4,Ogdon,Covey,ocovey3@parallels.com,782-527-0978
5,Veda,Tungay,vtungay4@dailymail.co.uk,429-922-3704
6,Moishe,Tooker,mtooker5@dedecms.com,757-973-0053
7,Judon,Tewes,jtewes6@newsvine.com,169-802-0229
8,Issi,Keddy,ikeddy7@drupal.org,861-568-6804
9,Darcee,Jallin,djallin8@cbslocal.com,832-859-4389
10,Costanza,Torald,ctorald9@theatlantic.com,540-282-4002
11,Sammy,Dalby,sdalbya@prlog.org,890-780-2346
12,Silva,Baldazzi,sbaldazzib@linkedin.com,953-659-3043
13,Euphemia,Stovold,estovoldc@blinklist.com,393-594-4750
14,Rebekkah,Roddy,rroddyd@google.com.hk,817-599-8357
15,Brade,Kunze,bkunzee@parallels.com,165-499-0485
16,Jarvis,McParlin,jmcparlinf@bizjournals.com,290-297-1566
17,Athene,Byforth,abyforthg@webnode.com,902-820-7651
18,Bron,Turneaux,bturneauxh@utexas.edu,895-100-0842
19,Mickie,Blackwell,mblackwelli@ibm.com,868-990-2300
20,Sharleen,Kleimt,skleimtj@newsvine.com,481-809-1783
21,Rollo,Culvey,rculveyk@ucsd.edu,254-484-4128
22,Sukey,MacPhaden,smacphadenl@alexa.com,280-915-0160
23,Terri,Wille,twillem@domainmarket.com,631-655-0432
24,Sollie,Crowthe,scrowthen@clickbank.net,880-230-7133
25,Madeline,Pember,mpembero@miibeian.gov.cn,588-864-8116
26,Kristien,MacKomb,kmackombp@clickbank.net,928-551-4765
27,Wayne,Waldren,wwaldrenq@google.nl,677-816-7906
28,Latrina,Beecroft,lbeecroftr@archive.org,326-758-9141
29,Elvyn,Poter,epoters@acquirethisname.com,534-387-2166
30,Gayel,Gerritsma,ggerritsmat@amazon.co.jp,287-977-8007
31,Harlin,Lanfere,hlanfereu@nature.com,173-257-6736
32,Clementine,Casiero,ccasierov@nih.gov,805-796-6031
33,Lilllie,Vasey,lvaseyw@cisco.com,157-575-6867
34,Raynell,Faircloth,rfairclothx@freewebs.com,642-207-0642
35,Leontyne,Hriinchenko,lhriinchenkoy@w3.org,714-931-3351
36,Cindelyn,Vedikhov,cvedikhovz@tuttocitta.it,548-808-6444
37,Cinda,Bleasdille,cbleasdille10@blogger.com,351-574-3905
38,Gradeigh,Peers,gpeers11@aboutads.info,404-439-7501
39,Natty,Focke,nfocke12@ameblo.jp,800-231-2155
40,Hermia,Stayte,hstayte13@ycombinator.com,264-495-6566
41,Dunstan,Harriott,dharriott14@miitbeian.gov.cn,588-795-0054
42,Drusie,Bethel,dbethel15@myspace.com,755-599-2404
43,Erie,Raithby,eraithby16@economist.com,197-487-4960
44,Timothee,Spurdens,tspurdens17@spiegel.de,197-954-6010
45,Othelia,Shilston,oshilston18@about.me,111-483-7459
46,Thaxter,June,tjune19@nbcnews.com,271-870-1210
47,Janaye,Ritchings,jritchings1a@ucoz.ru,542-421-2971
48,Zara,Arundale,zarundale1b@globo.com,346-951-6474
49,Erasmus,Ryan,eryan1c@qq.com,876-536-1827
50,Clint,Chatainier,cchatainier1d@bravesites.com,886-682-0606
51,Jacqueline,Blazy,jblazy1e@businesswire.com,465-336-5671
52,Charissa,Lerhinan,clerhinan1f@globo.com,955-774-6435
53,Weidar,Whall,wwhall1g@dailymotion.com,626-921-8211
54,Nora,Friedenbach,nfriedenbach1h@homestead.com,833-104-8255
55,Mata,Gadault,mgadault1i@washington.edu,921-856-4474
56,Hildagard,Bulfoy,hbulfoy1j@google.fr,109-507-2429
57,Armand,Clemmens,aclemmens1k@w3.org,394-559-7689
58,Zitella,Ekless,zekless1l@lycos.com,677-575-5018
59,Vanya,Stoter,vstoter1m@yahoo.co.jp,989-500-5496
60,Gabriellia,Dorr,gdorr1n@japanpost.jp,828-242-5948
61,Caye,Whatman,cwhatman1o@4shared.com,781-554-7728
62,Selestina,Fredi,sfredi1p@shutterfly.com,123-908-5187
63,Hillery,Satch,hsatch1q@jugem.jp,201-813-6737
64,Daffi,Scud,dscud1r@tumblr.com,403-243-5149
65,Celene,Brigham,cbrigham1s@techcrunch.com,312-877-9678
66,Cirillo,MacClinton,cmacclinton1t@twitpic.com,784-802-6257
67,Clyve,Marchington,cmarchington1u@gizmodo.com,410-190-4935
68,Woodie,Fundell,wfundell1v@usgs.gov,523-175-3965
69,Alix,Meindl,ameindl1w@tmall.com,467-371-6483
70,Jacky,McLuckie,jmcluckie1x@ucla.edu,135-929-6532
71,Annette,Colling,acolling1y@theatlantic.com,125-975-6792
72,Irving,Nichols,inichols1z@umn.edu,457-456-5692
73,Kin,Adelberg,kadelberg20@unc.edu,229-166-6321
74,Lorine,Gabbitis,lgabbitis21@histats.com,588-729-0099
75,Concordia,Phizakarley,cphizakarley22@prnewswire.com,279-561-2797
76,Milton,Durrans,mdurrans23@mozilla.com,166-239-2029
77,Kendell,Meert,kmeert24@kickstarter.com,154-653-3382
78,Stephine,Bedells,sbedells25@trellian.com,285-281-6414
79,Marlow,Venditto,mvenditto26@imageshack.us,791-301-8368
80,Carny,Giraudy,cgiraudy27@google.com.au,275-717-8044
81,Carmine,Ruste,cruste28@senate.gov,628-817-9057
82,Sibbie,Sancraft,ssancraft29@hatena.ne.jp,933-853-8512
83,Stevy,McCrorie,smccrorie2a@moonfruit.com,987-185-8168
84,Yetty,Stokey,ystokey2b@guardian.co.uk,856-666-6901
85,Casey,Gainsborough,cgainsborough2c@slideshare.net,405-510-2838
86,Aimee,Cadalleder,acadalleder2d@nature.com,757-757-6134
87,Stanly,Drennan,sdrennan2e@scribd.com,592-201-4613
88,Sly,Aiskrigg,saiskrigg2f@wsj.com,990-965-5726
89,Gallard,Sweating,gsweating2g@dmoz.org,801-241-8915
90,Ade,Klampt,aklampt2h@liveinternet.ru,871-631-6482
91,Misti,Jiles,mjiles2i@posterous.com,128-511-0226
92,Ferne,Gaveltone,fgaveltone2j@blogs.com,677-291-6679
93,Viola,Pritchett,vpritchett2k@ustream.tv,483-312-8911
94,Aubert,Gurge,agurge2l@msn.com,905-313-5645
95,Joletta,Knighton,jknighton2m@ihg.com,695-141-9992
96,Mikel,Sugar,msugar2n@bloglines.com,348-129-8286
97,Tobey,Lindegard,tlindegard2o@google.it,972-394-5969
98,Petra,Curteis,pcurteis2p@wired.com,712-864-8775
99,Caro,Laurencot,claurencot2q@sciencedirect.com,964-197-3347
100,Lenee,Puleque,lpuleque2r@dell.com,333-768-2522
101,Rosita,Saphir,rsaphir2s@auda.org.au,320-693-4545
102,Darlene,Tunnicliff,dtunnicliff2t@bizjournals.com,572-507-4121
103,Sue,Dunsmuir,sdunsmuir2u@slashdot.org,199-551-7511
104,Ethelda,Trevear,etrevear2v@deliciousdays.com,656-500-0839
105,Becka,Pitcaithly,bpitcaithly2w@wsj.com,333-165-3023
106,Neilla,Jennins,njennins2x@addthis.com,242-852-5447
107,Robby,Jordanson,rjordanson2y@multiply.com,602-928-7129
108,Elbert,Oldfield-Cherry,eoldfieldcherry2z@lycos.com,788-141-6840
109,Ada,Amner,aamner30@pen.io,404-510-1444
110,Layney,Carnow,lcarnow31@eventbrite.com,468-181-4018
111,Berget,Swanborough,bswanborough32@marriott.com,404-147-5531
112,Nevile,Pilsbury,npilsbury33@nhs.uk,193-178-7443
113,Aurelea,Angerstein,aangerstein34@nsw.gov.au,866-623-5439
114,Tiffany,Vann,tvann35@edublogs.org,715-927-7592
115,Ogden,McTaggart,omctaggart36@wsj.com,422-301-2914
116,Mona,Saxon,msaxon37@diigo.com,493-739-4711
117,Meara,Rielly,mrielly38@networkadvertising.org,597-830-6731
118,Marion,Fourcade,mfourcade39@hexun.com,320-365-6638
119,Gerty,McGlaud,gmcglaud3a@examiner.com,608-796-6434
120,Jennee,Merkle,jmerkle3b@army.mil,555-380-3164
121,Katrine,Jancik,kjancik3c@apache.org,469-202-6545
122,Sammie,Brideau,sbrideau3d@whitehouse.gov,369-620-5845
123,Nan,Stille,nstille3e@cbsnews.com,639-611-9303
124,Bettine,Papis,bpapis3f@google.pl,349-754-7778
125,Perkin,Osgar,posgar3g@businesswire.com,172-838-2042
126,Mohandas,Souten,msouten3h@issuu.com,266-262-1376
127,Emmanuel,Reicherz,ereicherz3i@blogs.com,611-916-6565
128,Karleen,Yewdell,kyewdell3j@sakura.ne.jp,684-422-2076
129,Cherilyn,Borrill,cborrill3k@123-reg.co.uk,531-653-1036
130,Guinevere,McMoyer,gmcmoyer3l@businessinsider.com,275-281-4702
131,Selma,Caslake,scaslake3m@prnewswire.com,363-961-3788
132,Druci,Bridgett,dbridgett3n@adobe.com,162-877-6384
133,Jerad,Cescot,jcescot3o@imdb.com,453-685-4399
134,Roderich,Lias,rlias3p@boston.com,733-409-7532
135,Irv,Cramphorn,icramphorn3q@drupal.org,189-341-5114
136,Vittoria,Adanet,vadanet3r@merriam-webster.com,634-893-4530
137,Ailene,Curnnok,acurnnok3s@vkontakte.ru,143-923-5849
138,Kora,Dowsing,kdowsing3t@state.tx.us,673-252-3345
139,Yorgo,Balbeck,ybalbeck3u@indiegogo.com,961-625-0030
140,Carmelita,Redemile,credemile3v@delicious.com,163-484-8363
141,Aida,Maso,amaso3w@admin.ch,862-668-9992
142,Neel,Wildbore,nwildbore3x@businessweek.com,503-716-4283
143,Ardath,Mangham,amangham3y@tinypic.com,954-795-3712
144,Lynelle,Chafer,lchafer3z@goodreads.com,997-118-3248
145,Addy,Dehm,adehm40@thetimes.co.uk,864-952-3828
146,Karla,Lewtey,klewtey41@cam.ac.uk,470-656-9456
147,Billy,Boake,bboake42@elegantthemes.com,752-749-6123
148,Felita,Innot,finnot43@ed.gov,254-981-9589
149,Salvatore,Feye,sfeye44@tinyurl.com,224-148-3516
150,Philomena,Dansie,pdansie45@un.org,933-220-2952
151,Blake,Thoma,bthoma46@about.me,540-975-3530
152,Adey,Cokayne,acokayne47@indiatimes.com,697-689-2229
153,Rickie,Roland,rroland48@hhs.gov,954-811-2270
154,Tadeas,Sargeant,tsargeant49@friendfeed.com,400-806-5225
155,Rhianon,Hamlyn,rhamlyn4a@usatoday.com,883-350-1606
156,Emmi,Tabour,etabour4b@cdbaby.com,688-169-1890
157,Lira,Rolse,lrolse4c@wsj.com,952-315-4193
158,Scarlett,Cancellario,scancellario4d@issuu.com,363-105-5537
159,Roshelle,Ramey,rramey4e@aboutads.info,431-598-1053
160,Hillie,Knightly,hknightly4f@webeden.co.uk,102-286-5150
161,Hobart,Housby,hhousby4g@naver.com,474-977-3089
162,Pippy,Chaundy,pchaundy4h@si.edu,457-964-3720
163,Ddene,Hyne,dhyne4i@hugedomains.com,384-102-9340
164,Lynna,Wissbey,lwissbey4j@slate.com,483-110-6518
165,Rhodie,Bartolini,rbartolini4k@microsoft.com,238-391-5802
166,Coleen,MacCafferty,cmaccafferty4l@wix.com,885-206-0934
167,Dyana,Chainey,dchainey4m@xrea.com,714-362-5862
168,Colin,Battrick,cbattrick4n@umich.edu,646-841-4704
169,Gates,Faire,gfaire4o@springer.com,397-158-9113
170,Davis,Gaitone,dgaitone4p@cbsnews.com,578-449-4329
171,Ailis,Oertzen,aoertzen4q@mashable.com,999-550-0011
172,Becka,Bartelli,bbartelli4r@weather.com,947-261-3497
173,Rae,Rollo,rrollo4s@t-online.de,500-346-7183
174,Bone,Herreran,bherreran4t@furl.net,899-334-1920
175,Kitti,Dengel,kdengel4u@bluehost.com,950-665-0268
176,Tabbatha,Attle,tattle4v@loc.gov,567-879-2781
177,Cicily,Messent,cmessent4w@devhub.com,611-775-6592
178,Maxy,Potbury,mpotbury4x@alexa.com,364-474-4154
179,Jamie,Halvorsen,jhalvorsen4y@bravesites.com,499-177-2806
180,Hieronymus,Hurkett,hhurkett4z@reverbnation.com,623-747-2910
181,Joela,McVaugh,jmcvaugh50@symantec.com,663-207-2667
182,Donia,Poacher,dpoacher51@ifeng.com,524-142-5312
183,Connie,Clurow,cclurow52@aboutads.info,130-139-7600
184,Mendy,O'Lahy,molahy53@instagram.com,410-880-5017
185,Sydel,Upshall,supshall54@wired.com,563-901-4446
186,Fletcher,Ruter,fruter55@jiathis.com,920-459-4639
187,Timmy,Capelle,tcapelle56@uiuc.edu,967-341-7858
188,Ardelis,Voce,avoce57@spiegel.de,755-205-7760
189,Fletcher,Chimenti,fchimenti58@mysql.com,567-766-5219
190,Vikky,Zettler,vzettler59@chron.com,338-594-5430
191,Curt,Gaitley,cgaitley5a@naver.com,814-957-9225
192,Nollie,Delamere,ndelamere5b@umich.edu,859-767-3020
193,Eva,Worsnop,eworsnop5c@fda.gov,494-358-2632
194,Lorianna,Chasier,lchasier5d@exblog.jp,926-716-5849
195,Georgeta,Neasham,gneasham5e@ibm.com,568-307-1836
196,Simon,Ostridge,sostridge5f@cnbc.com,406-915-1621
197,Lenore,Mattiassi,lmattiassi5g@barnesandnoble.com,825-119-9966
198,Carlynn,Falkinder,cfalkinder5h@zimbio.com,874-586-4614
199,Natividad,Dudley,ndudley5i@plala.or.jp,925-881-8975
200,Rebecca,Todd,rtodd5j@usda.gov,228-639-7668
201,Janeen,Shefton,jshefton5k@princeton.edu,615-649-2249
202,Briano,Gerald,bgerald5l@china.com.cn,887-583-2561
203,Lindon,Josifovic,ljosifovic5m@msu.edu,744-134-5819
204,Micky,Claris,mclaris5n@cnbc.com,550-649-8376
205,Ingunna,Dine-Hart,idinehart5o@reuters.com,948-596-6185
206,Chanda,Crady,ccrady5p@paypal.com,853-812-8333
207,Kristyn,Dupey,kdupey5q@disqus.com,577-195-4218
208,Beatriz,Helliker,bhelliker5r@cyberchimps.com,311-324-2587
209,Sybille,Bridgen,sbridgen5s@spiegel.de,244-292-0740
210,Carmine,Butten,cbutten5t@themeforest.net,611-977-9761
211,Bertrando,Echallier,bechallier5u@issuu.com,676-276-4643
212,Gwenni,Lingley,glingley5v@issuu.com,891-733-5194
213,Barclay,McCallister,bmccallister5w@vimeo.com,255-739-8900
214,Rand,Brend,rbrend5x@upenn.edu,406-679-6916
215,Sayer,Ambrose,sambrose5y@uiuc.edu,625-261-5358
216,Shurlock,Dooman,sdooman5z@timesonline.co.uk,913-912-9115
217,Dud,Baleine,dbaleine60@rambler.ru,309-299-5273
218,Felicle,Baudichon,fbaudichon61@google.com.hk,266-857-5479
219,Leanora,Jacqueminot,ljacqueminot62@vistaprint.com,252-684-0146
220,Dewie,Iles,diles63@bing.com,950-245-4969
221,Jase,Papis,jpapis64@ca.gov,210-646-5521
222,Shaina,Suddards,ssuddards65@pbs.org,632-586-9890
223,Matias,Janisson,mjanisson66@surveymonkey.com,237-150-5607
224,Mayer,Andreix,mandreix67@icq.com,713-183-6824
225,Jacques,Coupar,jcoupar68@abc.net.au,867-823-9271
226,Xerxes,McKeachie,xmckeachie69@lulu.com,337-714-9711
227,Sebastian,Hought,shought6a@imgur.com,395-148-1211
228,Mina,Davson,mdavson6b@xinhuanet.com,251-539-9527
229,Levon,Broadstock,lbroadstock6c@about.me,930-362-8712
230,Niels,Peert,npeert6d@cocolog-nifty.com,428-378-2626
231,Prent,Rossander,prossander6e@pcworld.com,783-891-1188
232,Daveta,Fredson,dfredson6f@cbsnews.com,454-229-7323
233,Orland,Shailer,oshailer6g@surveymonkey.com,350-636-2282
234,Jilli,Cullabine,jcullabine6h@rediff.com,306-750-2227
235,Aeriel,Tabner,atabner6i@drupal.org,844-481-9118
236,Julina,O' Byrne,jobyrne6j@jalbum.net,628-140-6287
237,Norry,Tourner,ntourner6k@psu.edu,258-330-8415
238,Antonie,Jekel,ajekel6l@rakuten.co.jp,754-104-0235
239,Editha,Pedel,epedel6m@cbc.ca,489-373-5288
240,Spike,Moxham,smoxham6n@economist.com,494-769-2433
241,Darcee,Bushel,dbushel6o@php.net,399-267-5386
242,Audre,Brogden,abrogden6p@hexun.com,938-377-7318
243,Shel,Dakers,sdakers6q@privacy.gov.au,258-564-7430
244,Rosaleen,Dutteridge,rdutteridge6r@infoseek.co.jp,369-835-0350
245,Jacinta,Provost,jprovost6s@mediafire.com,187-723-6968
246,Bridget,Cambden,bcambden6t@tiny.cc,918-446-8031
247,Sonny,Linforth,slinforth6u@washingtonpost.com,671-294-0024
248,Lyell,Muller,lmuller6v@flavors.me,366-346-9658
249,Maud,De Leek,mdeleek6w@msu.edu,114-427-4900
250,Xena,MacIllrick,xmacillrick6x@boston.com,205-717-2889
251,Lannie,Sharphouse,lsharphouse6y@abc.net.au,687-517-7518
252,Sianna,Riley,sriley6z@sciencedirect.com,187-123-7961
253,Leoine,Huyge,lhuyge70@utexas.edu,774-286-6722
254,Niccolo,Senton,nsenton71@addtoany.com,156-590-5523
255,Ervin,Hucke,ehucke72@w3.org,754-395-4300
256,Leland,Penlington,lpenlington73@foxnews.com,726-260-8248
257,Milka,Spittal,mspittal74@cmu.edu,446-843-5673
258,Sherrie,Raffeorty,sraffeorty75@miibeian.gov.cn,607-824-2418
259,Vassili,Glasman,vglasman76@ask.com,542-710-3485
260,Holt,Liptrot,hliptrot77@wix.com,429-496-7555
261,Odie,Goldingay,ogoldingay78@upenn.edu,300-883-5357
262,Jacenta,Roussell,jroussell79@meetup.com,700-343-3725
263,Ev,Burg,eburg7a@g.co,782-392-5070
264,Jana,Winspire,jwinspire7b@imdb.com,615-408-1103
265,Justinn,Hutcheon,jhutcheon7c@yellowbook.com,529-517-6353
266,Alfie,Commucci,acommucci7d@kickstarter.com,637-939-6024
267,Mano,Gatus,mgatus7e@cocolog-nifty.com,434-489-0819
268,Helge,Haldin,hhaldin7f@desdev.cn,140-980-2432
269,Henrie,Noury,hnoury7g@usnews.com,333-550-9668
270,Cecilius,Fleis,cfleis7h@cyberchimps.com,114-118-7352
271,Mikkel,Koche,mkoche7i@mozilla.org,651-769-6340
272,Dwain,Lardner,dlardner7j@geocities.com,782-654-8343
273,Connor,Brissard,cbrissard7k@hexun.com,452-567-8225
274,Ardis,Jagielski,ajagielski7l@ucoz.ru,940-783-6483
275,Jarib,Filoniere,jfiloniere7m@auda.org.au,847-983-6791
276,Lettie,Pexton,lpexton7n@eventbrite.com,589-741-5267
277,Nate,Donoher,ndonoher7o@netscape.com,464-824-4958
278,Base,Cranson,bcranson7p@upenn.edu,532-898-8714
279,Brynna,Korlat,bkorlat7q@ifeng.com,728-537-5859
280,Maryrose,Wilmot,mwilmot7r@fda.gov,482-829-3861
281,Joellyn,Becaris,jbecaris7s@dyndns.org,533-268-8651
282,Johnnie,Cicculini,jcicculini7t@jiathis.com,185-816-6656
283,Flo,Koop,fkoop7u@umn.edu,122-606-1048
284,Katina,Besset,kbesset7v@canalblog.com,447-575-6705
285,Jada,Senechell,jsenechell7w@ning.com,166-844-6350
286,Cordi,Allanson,callanson7x@csmonitor.com,648-247-5201
287,Loren,Donegan,ldonegan7y@spiegel.de,161-585-4492
288,Hayden,Morrow,hmorrow7z@joomla.org,955-321-3962
289,Bo,Jeary,bjeary80@kickstarter.com,519-205-7370
290,Clint,O'Donnell,codonnell81@yellowbook.com,963-162-8190
291,Patton,Reavell,preavell82@geocities.jp,359-283-7989
292,Sioux,Ference,sference83@yolasite.com,324-589-9709
293,Alis,Soutar,asoutar84@example.com,885-177-8967
294,Trixie,Claypoole,tclaypoole85@ted.com,716-816-6290
295,Loralee,Johnsey,ljohnsey86@seesaa.net,945-337-3460
296,Dorelia,Hasloch,dhasloch87@163.com,967-903-5736
297,Frans,Woodberry,fwoodberry88@jigsy.com,755-407-1102
298,Tymothy,Buesden,tbuesden89@sakura.ne.jp,895-922-0310
299,Margot,Dobrovolny,mdobrovolny8a@npr.org,763-317-3105
300,Caresa,Schistl,cschistl8b@toplist.cz,960-431-9898
301,Reider,Tinston,rtinston8c@ucsd.edu,285-566-8241
302,Cull,Johanning,cjohanning8d@etsy.com,910-505-8812
303,Shelagh,Braksper,sbraksper8e@ustream.tv,149-231-4033
304,Corrianne,Totaro,ctotaro8f@bigcartel.com,356-252-5709
305,Molli,Clamp,mclamp8g@unesco.org,254-547-6982
306,Saunders,Maving,smaving8h@macromedia.com,315-187-0078
307,Amitie,Standall,astandall8i@freewebs.com,445-536-7800
308,Ilse,Wellbeloved,iwellbeloved8j@cnbc.com,158-117-0589
309,Gretal,Cockerton,gcockerton8k@elpais.com,761-855-6410
310,Grete,Cristol,gcristol8l@berkeley.edu,629-591-6797
311,Marysa,Winckle,mwinckle8m@ftc.gov,833-427-8767
312,Harri,Royle,hroyle8n@artisteer.com,465-652-3451
313,Vannie,Bruhke,vbruhke8o@vimeo.com,276-820-4464
314,Kimball,Oxherd,koxherd8p@google.pl,178-518-2568
315,Allene,Antunes,aantunes8q@plala.or.jp,904-638-3515
316,Alvan,Bradburne,abradburne8r@unicef.org,305-452-7981
317,Carolynn,Rocks,crocks8s@redcross.org,143-139-6908
318,Hyatt,Pucknell,hpucknell8t@bbb.org,686-234-4758
319,Guthry,Leeke,gleeke8u@buzzfeed.com,221-722-2989
320,Bernadene,Kerfut,bkerfut8v@nasa.gov,389-173-1805
321,Janella,Frankham,jfrankham8w@cnn.com,159-191-6509
322,Alida,Grimwad,agrimwad8x@so-net.ne.jp,491-801-6756
323,Dulce,Daftor,ddaftor8y@fotki.com,506-530-5361
324,Gaylor,Undrill,gundrill8z@foxnews.com,957-387-1298
325,Shara,Girardini,sgirardini90@elegantthemes.com,427-485-5829
326,Coletta,Clear,cclear91@ifeng.com,767-330-5974
327,Leo,Hassen,lhassen92@forbes.com,323-485-5695
328,Olivia,Patrick,opatrick93@hubpages.com,480-779-2694
329,Jedediah,Craigg,jcraigg94@abc.net.au,590-150-5430
330,Quinn,Geraldi,qgeraldi95@dropbox.com,482-809-9137
331,Christoper,Simoneschi,csimoneschi96@ning.com,185-928-5128
332,Ailyn,Foye,afoye97@japanpost.jp,393-383-1410
333,Hersh,Eagland,heagland98@mysql.com,827-253-3243
334,Camile,Feetham,cfeetham99@people.com.cn,737-104-3290
335,Berta,Beswell,bbeswell9a@dedecms.com,383-606-3782
336,Nikolos,Vasiliu,nvasiliu9b@goo.ne.jp,776-292-3403
337,Laurie,Deniso,ldeniso9c@nba.com,461-515-9486
338,Deonne,Lambrook,dlambrook9d@blogger.com,592-462-9593
339,Carol,Roskeilly,croskeilly9e@multiply.com,457-117-5199
340,Lazare,Harrell,lharrell9f@a8.net,756-818-9353
341,Wittie,Abrahams,wabrahams9g@theguardian.com,960-156-5193
342,Prudi,Whal,pwhal9h@angelfire.com,943-989-7855
343,Dame,Twitchings,dtwitchings9i@networksolutions.com,689-185-6087
344,Kingsly,Di Antonio,kdiantonio9j@diigo.com,796-952-4121
345,Lura,Mattiuzzi,lmattiuzzi9k@umn.edu,906-529-6815
346,Caron,Lode,clode9l@cornell.edu,986-332-3884
347,Darbie,Minnis,dminnis9m@disqus.com,515-747-1616
348,Anatol,Leppington,aleppington9n@independent.co.uk,878-569-0488
349,Eli,Phizakarley,ephizakarley9o@phpbb.com,991-267-3811
350,Morry,Neylan,mneylan9p@opensource.org,388-104-5127
351,Cully,Brisland,cbrisland9q@furl.net,279-263-0856
352,Lida,Gerleit,lgerleit9r@over-blog.com,790-883-0641
353,Hewie,Trudgion,htrudgion9s@symantec.com,312-116-8237
354,Hew,Butterly,hbutterly9t@webnode.com,816-179-3933
355,Theo,Lavallin,tlavallin9u@cisco.com,147-102-6411
356,Tami,O'Donegan,todonegan9v@cargocollective.com,444-803-3081
357,Marcelia,Livingstone,mlivingstone9w@psu.edu,654-594-5680
358,Ulrick,Withrington,uwithrington9x@seattletimes.com,646-595-3689
359,Anastasie,Stocks,astocks9y@quantcast.com,544-234-0822
360,Veronique,Peat,vpeat9z@is.gd,574-526-2030
361,Gerianna,Calken,gcalkena0@quantcast.com,742-267-8910
362,Rozanna,Goly,rgolya1@constantcontact.com,405-488-2143
363,Jojo,Cabrara,jcabraraa2@addtoany.com,134-350-6455
364,Farrah,Gorvin,fgorvina3@yellowpages.com,176-420-6346
365,Lionel,Jarratt,ljarratta4@ovh.net,119-449-8439
366,Olivia,Sunshine,osunshinea5@usda.gov,194-133-5114
367,Mart,Garforth,mgarfortha6@lulu.com,359-296-0051
368,Mirilla,Ceeley,mceeleya7@jugem.jp,253-851-4068
369,Casey,Fleetwood,cfleetwooda8@tripadvisor.com,688-989-6220
370,Tito,Lankham,tlankhama9@people.com.cn,616-250-3947
371,Janessa,Andreazzi,jandreazziaa@princeton.edu,756-320-3315
372,Renee,Ovell,rovellab@ebay.com,943-840-9589
373,Maurita,Stirman,mstirmanac@cnbc.com,571-296-5996
374,Albie,Piner,apinerad@hao123.com,850-607-4298
375,Raddy,Knightsbridge,rknightsbridgeae@mediafire.com,128-884-5262
376,Kristal,Milland,kmillandaf@seesaa.net,107-522-1603
377,Valentin,Hawkswood,vhawkswoodag@techcrunch.com,483-356-0937
378,Farand,Dowsing,fdowsingah@dmoz.org,232-966-2023
379,Alano,Lethley,alethleyai@so-net.ne.jp,844-634-9709
380,Hana,Syseland,hsyselandaj@google.nl,416-948-8394
381,Codi,Jays,cjaysak@twitpic.com,244-795-6151
382,Patrica,Shallcrass,pshallcrassal@umich.edu,340-124-1284
383,Ronica,Rodmell,rrodmellam@blogs.com,561-921-4953
384,Donna,Bithany,dbithanyan@ycombinator.com,922-580-1468
385,Jo,Harmston,jharmstonao@sitemeter.com,136-493-7401
386,Wittie,Greenfield,wgreenfieldap@godaddy.com,424-700-4689
387,Kinny,Hundley,khundleyaq@shop-pro.jp,628-727-6197
388,Janessa,Crossby,jcrossbyar@forbes.com,780-705-1239
389,Viviana,McDermid,vmcdermidas@photobucket.com,625-824-3073
390,Tulley,Bengoechea,tbengoecheaat@ovh.net,523-511-5258
391,Emlen,Pidgeley,epidgeleyau@about.me,487-649-3087
392,Else,Simkovich,esimkovichav@google.es,741-324-4806
393,Demott,Sofe,dsofeaw@washington.edu,476-927-8185
394,Ripley,Frankcombe,rfrankcombeax@upenn.edu,160-447-2856
395,Erica,Narramor,enarramoray@bandcamp.com,431-523-6856
396,Jefferey,Morando,jmorandoaz@ucsd.edu,758-428-7257
397,Angy,Di Claudio,adiclaudiob0@timesonline.co.uk,477-653-3019
398,Felice,Kingsley,fkingsleyb1@foxnews.com,957-885-6691
399,Audra,Tyzack,atyzackb2@vimeo.com,906-687-9202
400,Del,Lovemore,dlovemoreb3@webs.com,897-678-8754
401,Barris,Balsdone,bbalsdoneb4@meetup.com,461-949-2255
402,Tiena,Hambers,thambersb5@amazon.co.jp,838-973-4619
403,Hans,Newlove,hnewloveb6@opera.com,918-256-3867
404,Terri-jo,Henke,thenkeb7@reddit.com,910-283-7689
405,Fidelio,Denholm,fdenholmb8@comsenz.com,945-286-6535
406,Raychel,Aronow,raronowb9@who.int,118-430-6143
407,Kala,Servante,kservanteba@imdb.com,856-522-2914
408,Harli,Rampling,hramplingbb@csmonitor.com,354-281-0898
409,Alford,Philipsohn,aphilipsohnbc@google.pl,102-787-7616
410,Trefor,Melbert,tmelbertbd@tuttocitta.it,630-455-2850
411,Silas,O'Reilly,soreillybe@chronoengine.com,240-503-1543
412,Shaun,McCrory,smccrorybf@sciencedirect.com,355-790-7800
413,Fawn,Boyce,fboycebg@pinterest.com,917-203-1557
414,Leora,Jowers,ljowersbh@psu.edu,980-124-6533
415,Walliw,Wrought,wwroughtbi@edublogs.org,797-844-4888
416,Jessee,Klaassens,jklaassensbj@scientificamerican.com,176-921-2619
417,Viviene,Storrs,vstorrsbk@tamu.edu,298-113-8567
418,Reinaldos,Collacombe,rcollacombebl@imdb.com,772-970-7426
419,Leisha,Schwandner,lschwandnerbm@gravatar.com,600-541-7478
420,Marietta,Napoli,mnapolibn@behance.net,504-417-1309
421,Keslie,Marco,kmarcobo@latimes.com,964-933-3652
422,Albina,Hune,ahunebp@indiegogo.com,295-617-9338
423,Pierce,Grahamslaw,pgrahamslawbq@mozilla.com,648-946-4719
424,Ninetta,Tremoille,ntremoillebr@biblegateway.com,566-648-2019
425,Pattin,Pulham,ppulhambs@mediafire.com,308-686-0703
426,Demott,MacCaughey,dmaccaugheybt@scientificamerican.com,311-618-4470
427,Jasmine,Rowly,jrowlybu@blogs.com,152-649-9119
428,Fiann,Pedder,fpedderbv@mac.com,689-585-6336
429,Harley,Degue,hdeguebw@army.mil,281-612-3740
430,Antoine,Skule,askulebx@state.tx.us,606-443-0382
431,Nap,Clack,nclackby@irs.gov,527-734-0465
432,Sidnee,Tevelov,stevelovbz@elegantthemes.com,158-626-6416
433,Robinia,Deplacido,rdeplacidoc0@nymag.com,723-459-7594
434,Walker,Stern,wsternc1@hostgator.com,117-735-4492
435,Helga,Westover,hwestoverc2@sogou.com,966-743-5332
436,Lyman,Manginot,lmanginotc3@businessinsider.com,251-330-8522
437,Oates,Crothers,ocrothersc4@wp.com,421-524-6854
438,Normy,Sansam,nsansamc5@usnews.com,955-495-9555
439,Zsa zsa,Copestick,zcopestickc6@nationalgeographic.com,192-855-1781
440,Bobbee,Quinell,bquinellc7@ask.com,904-617-9507
441,Lavina,Dulanty,ldulantyc8@ihg.com,593-328-6450
442,Karel,Airton,kairtonc9@discuz.net,931-309-1658
443,Chilton,Conochie,cconochieca@latimes.com,345-850-2261
444,Royall,Riveles,rrivelescb@apple.com,570-357-1099
445,Claudianus,Philippsohn,cphilippsohncc@cnet.com,228-341-5486
446,Frazer,Wakeman,fwakemancd@posterous.com,558-151-7412
447,Geoffrey,Lennarde,glennardece@answers.com,184-737-6850
448,Danita,Fettiplace,dfettiplacecf@sfgate.com,332-385-3532
449,Sidoney,Burel,sburelcg@wikimedia.org,476-445-2403
450,Alasteir,Mcmanaman,amcmanamanch@tuttocitta.it,174-317-3968
451,Muire,Whitaker,mwhitakerci@sina.com.cn,185-293-4270
452,Kira,Cairns,kcairnscj@trellian.com,120-674-6182
453,Arv,Bailes,abailesck@gnu.org,923-882-9969
454,Zak,Tripp,ztrippcl@diigo.com,826-813-0578
455,Mariana,Moyles,mmoylescm@sina.com.cn,170-334-1359
456,Urbanus,Avis,uaviscn@discovery.com,677-730-9772
457,Herb,Johanssen,hjohanssenco@mtv.com,608-995-8688
458,Bobina,Timberlake,btimberlakecp@thetimes.co.uk,964-938-5683
459,Janka,Deabill,jdeabillcq@nbcnews.com,495-903-0880
460,Darnell,Tomney,dtomneycr@miitbeian.gov.cn,488-691-4460
461,Lorianne,Coad,lcoadcs@lulu.com,826-543-3234
462,Shelba,Greenrde,sgreenrdect@nhs.uk,229-492-4487
463,Ned,Beckhouse,nbeckhousecu@wix.com,240-152-8196
464,Sauveur,Floyde,sfloydecv@facebook.com,660-759-6437
465,Thomasine,Keasley,tkeasleycw@imdb.com,207-309-0516
466,Sully,Lehr,slehrcx@paypal.com,670-759-8075
467,Bibby,Ableson,bablesoncy@apache.org,828-648-0274
468,Virginia,Corwood,vcorwoodcz@storify.com,731-323-8180
469,Taite,Shilvock,tshilvockd0@facebook.com,412-283-7926
470,Roanna,Scemp,rscempd1@google.com.hk,112-107-7673
471,Kellia,Wilmut,kwilmutd2@howstuffworks.com,687-591-3072
472,Tiffani,Grinter,tgrinterd3@tiny.cc,255-765-4141
473,Aeriell,Antrum,aantrumd4@tiny.cc,963-581-1076
474,Nathalie,Ghilardini,nghilardinid5@ft.com,737-612-6803
475,Laney,Godrich,lgodrichd6@free.fr,463-752-1045
476,Shayna,Blenkharn,sblenkharnd7@si.edu,509-349-7099
477,Bryce,Dzeniskevich,bdzeniskevichd8@irs.gov,616-957-2820
478,Nye,Cherry,ncherryd9@ucla.edu,486-725-5881
479,Yorgo,Farncombe,yfarncombeda@woothemes.com,498-656-5268
480,Vivyanne,Benoix,vbenoixdb@odnoklassniki.ru,696-495-4722
481,Flory,Van Geffen,fvangeffendc@msu.edu,757-588-8970
482,Nellie,Taggett,ntaggettdd@cyberchimps.com,929-829-5573
483,Giff,Salkeld,gsalkeldde@google.it,915-222-5608
484,Lonni,Smewings,lsmewingsdf@unesco.org,917-297-5503
485,Billy,Heinle,bheinledg@sohu.com,714-737-7513
486,Cointon,Orton,cortondh@themeforest.net,375-642-1643
487,Tobey,Alliberton,tallibertondi@answers.com,776-250-4169
488,Dory,Congram,dcongramdj@intel.com,268-466-6065
489,Bamby,Vines,bvinesdk@over-blog.com,600-926-7556
490,Claresta,Hemmingway,chemmingwaydl@vistaprint.com,251-142-6582
491,Paulita,Gaiter,pgaiterdm@washingtonpost.com,770-388-9832
492,Dotty,Cardo,dcardodn@marketwatch.com,115-684-9962
493,Abbey,Papachristophorou,apapachristophoroudo@deviantart.com,736-826-2893
494,Rodolfo,Sheryne,rsherynedp@freewebs.com,312-751-9174
495,Lynde,Martinelli,lmartinellidq@dagondesign.com,650-261-6011
496,Wadsworth,Blader,wbladerdr@edublogs.org,589-181-4386
497,Tull,Sansun,tsansunds@elegantthemes.com,851-451-5078
498,Lief,Lightbowne,llightbownedt@wikispaces.com,736-573-3241
499,Rosana,Bycraft,rbycraftdu@cyberchimps.com,720-594-2541
500,Frankie,Bernaldez,fbernaldezdv@gizmodo.com,622-610-3065
501,Maryanne,Bottell,mbottelldw@sogou.com,500-877-4027
502,Theo,Euplate,teuplatedx@independent.co.uk,753-742-3496
503,Andeee,Imloch,aimlochdy@omniture.com,407-571-9173
504,Juliann,Danaher,jdanaherdz@cbslocal.com,280-176-2513
505,Nicolai,Broune,nbrounee0@soundcloud.com,515-994-2735
506,Zarla,Shedden,zsheddene1@acquirethisname.com,895-857-8839
507,Darby,Marjot,dmarjote2@artisteer.com,758-353-7793
508,Pedro,McGeachey,pmcgeacheye3@blog.com,165-851-9563
509,Sheff,McKeachie,smckeachiee4@gmpg.org,464-423-1381
510,Adele,Treagust,atreaguste5@ihg.com,301-532-6348
511,Alysia,Beric,aberice6@flickr.com,254-507-9352
512,Bonnee,Altamirano,baltamiranoe7@blogs.com,635-105-3350
513,Hadley,Putt,hputte8@unc.edu,961-499-7620
514,Cyndi,Pinard,cpinarde9@un.org,654-117-4445
515,Emmalynne,Freezer,efreezerea@alexa.com,650-254-4896
516,Aigneis,Ivankov,aivankoveb@admin.ch,253-249-0686
517,Tracie,Bakey,tbakeyec@nasa.gov,524-593-6108
518,Cullan,Renoden,crenodened@apple.com,148-757-7898
519,Trent,Kite,tkiteee@weather.com,967-265-4739
520,Livia,Booij,lbooijef@pbs.org,922-472-9081
521,Melitta,Clemenza,mclemenzaeg@google.de,529-136-7100
522,Gabey,Thewles,gthewleseh@storify.com,744-893-9919
523,Eugenia,Barta,ebartaei@is.gd,155-124-4592
524,Alica,Jori,ajoriej@wunderground.com,701-961-0620
525,Jody,Iley,jileyek@dion.ne.jp,586-261-0448
526,Haskel,Woodhams,hwoodhamsel@purevolume.com,638-540-6323
527,Mervin,Rops,mropsem@prlog.org,780-804-0593
528,Dolores,Garfath,dgarfathen@comcast.net,430-277-9792
529,Darci,Yuryev,dyuryeveo@webeden.co.uk,363-190-7834
530,Johannes,Kelby,jkelbyep@wisc.edu,164-489-3273
531,Morris,Mintram,mmintrameq@economist.com,981-354-7921
532,Bernette,Colles,bcolleser@accuweather.com,236-279-8726
533,Merrielle,Coniam,mconiames@domainmarket.com,371-639-3726
534,Knox,McCard,kmccardet@taobao.com,758-219-4532
535,Flo,Porson,fporsoneu@netlog.com,608-289-8368
536,Demetrius,Laxton,dlaxtonev@hud.gov,111-265-1444
537,Eddy,Feavyour,efeavyourew@ask.com,653-497-8230
538,Katheryn,Caunter,kcaunterex@booking.com,899-764-7739
539,Jon,Pegden,jpegdeney@merriam-webster.com,834-558-6624
540,Leonore,Gawn,lgawnez@arstechnica.com,865-369-7637
541,Normand,Randals,nrandalsf0@umich.edu,525-702-5704
542,Chrysa,Elstow,celstowf1@tripod.com,773-332-8333
543,Otho,Ketley,oketleyf2@hao123.com,427-957-8285
544,Marlowe,Houseago,mhouseagof3@paypal.com,474-603-5984
545,Minta,Blincoe,mblincoef4@naver.com,301-599-9793
546,Godart,Shilstone,gshilstonef5@epa.gov,883-182-8883
547,Ninnetta,Seamans,nseamansf6@ucla.edu,437-123-6045
548,Sheila,Claiton,sclaitonf7@nyu.edu,997-655-1244
549,Raddie,Shearmer,rshearmerf8@pen.io,837-270-9915
550,Margarette,Illesley,millesleyf9@dion.ne.jp,115-198-3663
551,Hailee,Mordie,hmordiefa@cargocollective.com,763-842-5880
552,Cleo,Lepard,clepardfb@bizjournals.com,739-921-2295
553,Faulkner,Setterfield,fsetterfieldfc@nhs.uk,266-853-1982
554,Ambrosius,Wildber,awildberfd@gnu.org,875-483-4329
555,Garvin,Fluger,gflugerfe@mlb.com,220-327-1953
556,Toiboid,Robillart,trobillartff@salon.com,283-474-6811
557,Annabel,Shimwell,ashimwellfg@desdev.cn,114-776-3263
558,Lovell,Ros,lrosfh@deviantart.com,593-994-3325
559,Leslie,Hedan,lhedanfi@a8.net,593-488-5772
560,Mannie,Stranks,mstranksfj@comcast.net,215-939-4738
561,Jessie,Leipelt,jleipeltfk@soundcloud.com,621-723-0976
562,Armstrong,Braiden,abraidenfl@bloomberg.com,317-853-2835
563,Carmelle,Seabridge,cseabridgefm@bing.com,859-276-5898
564,Chickie,Wagen,cwagenfn@i2i.jp,523-480-7159
565,Burr,Karpushkin,bkarpushkinfo@bandcamp.com,267-563-4401
566,Bram,Stirzaker,bstirzakerfp@free.fr,871-405-3562
567,Krista,Jankovic,kjankovicfq@epa.gov,803-315-7490
568,Jerrold,Dunridge,jdunridgefr@go.com,521-888-2250
569,Diane-marie,Densham,ddenshamfs@google.ru,354-597-8023
570,Gwendolin,Rowley,growleyft@elpais.com,955-768-7354
571,Madelina,Curteis,mcurteisfu@t.co,857-490-7878
572,Lizette,Stutter,lstutterfv@yolasite.com,167-275-4296
573,Baryram,Wane,bwanefw@weebly.com,988-521-0616
574,Melisent,Pickerin,mpickerinfx@buzzfeed.com,347-464-3228
575,Jenelle,Poultney,jpoultneyfy@patch.com,340-932-9897
576,Clemente,Josland,cjoslandfz@soundcloud.com,438-640-2314
577,Aindrea,Cregg,acreggg0@squidoo.com,106-586-3737
578,Gaile,Rushbrooke,grushbrookeg1@drupal.org,926-429-4453
579,Mohandis,O'Dempsey,modempseyg2@prweb.com,503-703-1857
580,Joelynn,Duckels,jduckelsg3@slashdot.org,198-329-5537
581,Lynn,Atheis,latheisg4@sitemeter.com,458-997-2621
582,Hort,Pilmore,hpilmoreg5@cisco.com,842-625-3358
583,Lezlie,Pearman,lpearmang6@geocities.com,569-302-9730
584,Eachelle,Stickens,estickensg7@bravesites.com,824-147-4197
585,Matty,Whiteway,mwhitewayg8@berkeley.edu,712-634-3113
586,Belita,Mynett,bmynettg9@delicious.com,524-605-9246
587,Chan,Pawelski,cpawelskiga@blogs.com,182-241-9365
588,Pate,Tuther,ptuthergb@moonfruit.com,427-125-5967
589,Sheilah,Huelin,shuelingc@gov.uk,324-483-8245
590,Sabina,Eldrett,seldrettgd@gizmodo.com,190-400-0976
591,Pammy,Currington,pcurringtonge@skype.com,408-586-1908
592,Daune,Crockett,dcrockettgf@wordpress.com,413-307-4660
593,Ramonda,Strowthers,rstrowthersgg@homestead.com,533-292-2707
594,Melicent,Burrell,mburrellgh@amazon.co.jp,514-950-5964
595,Eleanora,Cerith,ecerithgi@engadget.com,773-101-7783
596,Marcille,Sandercock,msandercockgj@amazon.co.uk,427-137-4655
597,Rosalinde,Giorgiutti,rgiorgiuttigk@irs.gov,290-656-5697
598,Gilberta,Paradis,gparadisgl@t-online.de,239-320-1746
599,Claribel,McCreagh,cmccreaghgm@mediafire.com,215-528-2158
600,Matelda,Beams,mbeamsgn@nsw.gov.au,997-634-5511
601,Connor,Mines,cminesgo@upenn.edu,417-362-3414
602,Ambur,Jeannon,ajeannongp@nytimes.com,486-816-3627
603,Vic,Hitcham,vhitchamgq@desdev.cn,232-105-1239
604,Jerome,Rollingson,jrollingsongr@last.fm,409-228-0092
605,Ulrikaumeko,Lowton,ulowtongs@biblegateway.com,791-123-8703
606,Engracia,Ryce,erycegt@angelfire.com,566-715-6605
607,Darda,Cardoe,dcardoegu@360.cn,590-222-9013
608,Terese,Semkins,tsemkinsgv@skype.com,427-669-7766
609,Maridel,McKeowon,mmckeowongw@prnewswire.com,694-512-1812
610,Collie,Robbings,crobbingsgx@list-manage.com,417-707-1018
611,Alleen,Wickins,awickinsgy@si.edu,102-402-1693
612,Datha,Meneely,dmeneelygz@addtoany.com,285-985-3550
613,Martha,Grinyov,mgrinyovh0@fotki.com,643-896-8856
614,Corny,Ormshaw,cormshawh1@hp.com,879-527-8841
615,Andonis,Cowl,acowlh2@irs.gov,816-171-9351
616,Verla,Woolpert,vwoolperth3@google.ca,757-560-3804
617,Melinde,Bingham,mbinghamh4@reverbnation.com,931-419-2789
618,Becka,Crome,bcromeh5@canalblog.com,862-810-0441
619,Solly,Paddie,spaddieh6@army.mil,190-598-9781
620,Don,Hawke,dhawkeh7@exblog.jp,303-122-3501
621,Dani,Gatiss,dgatissh8@hao123.com,802-982-7894
622,Alli,Rounsefull,arounsefullh9@homestead.com,911-922-2126
623,Viviana,Cottey,vcotteyha@rediff.com,391-532-0254
624,Lorna,Waber,lwaberhb@biblegateway.com,151-500-7567
625,Lemmy,Kubala,lkubalahc@intel.com,297-225-9772
626,Timoteo,Hynes,thyneshd@webs.com,578-454-1682
627,Ambrosius,Joyes,ajoyeshe@webeden.co.uk,502-287-7540
628,Krista,Westcar,kwestcarhf@prlog.org,164-916-4333
629,Mil,Eayres,meayreshg@slideshare.net,526-676-9075
630,Filide,Dougill,fdougillhh@fema.gov,865-653-3155
631,Sid,Antoszewski,santoszewskihi@desdev.cn,700-646-9391
632,Alexio,McMackin,amcmackinhj@discovery.com,559-375-1677
633,Jerry,Malley,jmalleyhk@reverbnation.com,111-118-3728
634,Trudi,Eliot,teliothl@goo.gl,945-375-0778
635,Berny,Klyn,bklynhm@lulu.com,451-341-3196
636,Charlie,Sollett,csolletthn@japanpost.jp,631-687-2279
637,Mahala,Denley,mdenleyho@sitemeter.com,148-493-3267
638,Heywood,Blonfield,hblonfieldhp@wsj.com,166-815-9642
639,Llewellyn,Ohlsen,lohlsenhq@reuters.com,213-689-3124
640,Sheffield,Growy,sgrowyhr@redcross.org,744-461-8374
641,Ingmar,Burnie,iburniehs@businesswire.com,763-920-2395
642,Fara,Pockey,fpockeyht@skype.com,573-924-8284
643,Jameson,Thwaites,jthwaiteshu@mozilla.org,563-470-2179
644,Evania,Ellice,eellicehv@kickstarter.com,483-742-9162
645,Carolyn,Mityashin,cmityashinhw@csmonitor.com,794-134-5007
646,Dionisio,Bispham,dbisphamhx@newsvine.com,353-575-8262
647,Alastair,Davenhall,adavenhallhy@ask.com,730-179-7506
648,Kat,Coleshill,kcoleshillhz@netlog.com,491-233-9084
649,Georgiana,Hearon,ghearoni0@blogspot.com,855-519-4118
650,Tony,Whisson,twhissoni1@gnu.org,930-514-1133
651,Ashby,Lammers,alammersi2@economist.com,421-251-5472
652,Hakim,Mundee,hmundeei3@yellowbook.com,823-266-6308
653,Issiah,Cersey,icerseyi4@gnu.org,742-794-9462
654,Devinne,Alabastar,dalabastari5@netscape.com,731-424-7805
655,Auroora,Thraves,athravesi6@skyrock.com,313-753-1807
656,Romola,Cleaver,rcleaveri7@ted.com,345-907-7162
657,Cathyleen,Halwill,chalwilli8@who.int,377-910-6270
658,Vale,Leathwood,vleathwoodi9@ca.gov,995-612-9530
659,Lucho,Cucuzza,lcucuzzaia@cdc.gov,506-884-0398
660,Tabor,Proud,tproudib@latimes.com,116-290-4064
661,Alaric,Dorcey,adorceyic@sitemeter.com,271-183-4817
662,Cyndy,Kefford,ckeffordid@miibeian.gov.cn,938-801-9657
663,Victoria,Delbergue,vdelbergueie@wiley.com,804-986-5665
664,Crissie,Skelington,cskelingtonif@spiegel.de,889-100-8063
665,Sigrid,Robison,srobisonig@cnet.com,382-305-6183
666,Kasper,Teenan,kteenanih@google.com.hk,901-518-8669
667,Petey,Turfin,pturfinii@omniture.com,441-389-4788
668,Kare,Maxfield,kmaxfieldij@thetimes.co.uk,691-970-3205
669,Xenos,Pulsford,xpulsfordik@theglobeandmail.com,985-234-3292
670,Modestine,Pryce,mpryceil@pcworld.com,863-516-1430
671,Berke,Warman,bwarmanim@123-reg.co.uk,725-375-7221
672,Eachelle,Hinemoor,ehinemoorin@yahoo.co.jp,165-210-3126
673,Veradis,Feast,vfeastio@google.ru,339-930-7098
674,Sheppard,Ortelt,sorteltip@seattletimes.com,920-814-1599
675,Ursala,Grinov,ugrinoviq@slideshare.net,727-158-8828
676,Kellsie,Melato,kmelatoir@shop-pro.jp,118-509-3361
677,Arlen,De Cristoforo,adecristoforois@mac.com,636-743-9414
678,Dare,Aindrais,daindraisit@hatena.ne.jp,279-134-0627
679,Abelard,Mayfield,amayfieldiu@harvard.edu,992-829-9458
680,Elmer,Jecks,ejecksiv@symantec.com,725-641-8553
681,Sindee,Stainton,sstaintoniw@xing.com,259-579-5815
682,Lynnea,Wooler,lwoolerix@baidu.com,625-626-7424
683,Viva,Leamon,vleamoniy@cpanel.net,694-789-8695
684,Scott,Metterick,smetterickiz@addtoany.com,312-254-1703
685,Samuele,Klimov,sklimovj0@wix.com,530-914-3117
686,Anna,Glewe,aglewej1@jiathis.com,646-734-0665
687,Ravid,Pickthall,rpickthallj2@wix.com,157-642-7562
688,Guthry,Philippson,gphilippsonj3@ebay.co.uk,654-898-2296
689,Archy,Davidovicz,adavidoviczj4@jigsy.com,951-986-4664
690,Caro,Oager,coagerj5@soundcloud.com,999-995-5057
691,Gabriel,Robert,grobertj6@twitpic.com,603-873-3915
692,Marmaduke,Joynson,mjoynsonj7@skype.com,658-645-0008
693,Sonnie,Payton,spaytonj8@feedburner.com,897-619-4947
694,Maxine,Strippel,mstrippelj9@google.nl,604-695-1541
695,Talbert,Golder,tgolderja@ebay.co.uk,583-243-5847
696,Wyatan,Areles,warelesjb@lulu.com,614-157-7871
697,Hallie,Rolin,hrolinjc@ted.com,756-374-6715
698,Husein,Feitosa,hfeitosajd@earthlink.net,413-914-9685
699,Dorian,Cosgreave,dcosgreaveje@tmall.com,164-245-9276
700,Sylas,Soffe,ssoffejf@deliciousdays.com,278-192-3402
701,Brand,Avent,baventjg@51.la,565-543-2676
702,Corie,Garrow,cgarrowjh@wiley.com,913-573-7248
703,Casi,Goburn,cgoburnji@yolasite.com,153-940-4378
704,Thomasin,Gaggen,tgaggenjj@ning.com,481-750-5133
705,Guenna,Borrie,gborriejk@jimdo.com,206-622-6119
706,Derward,Skeggs,dskeggsjl@bing.com,714-934-9021
707,Charlean,Sowersby,csowersbyjm@sitemeter.com,713-724-9885
708,Teresina,Kelinge,tkelingejn@oaic.gov.au,831-513-2108
709,Giselle,Prin,gprinjo@pbs.org,136-694-4705
710,Joshua,Morilla,jmorillajp@economist.com,212-761-1660
711,Taryn,Blodg,tblodgjq@seattletimes.com,251-211-1819
712,Melitta,Leve,mlevejr@nydailynews.com,946-297-0958
713,Gael,Heliot,gheliotjs@imdb.com,980-250-9341
714,Korney,Bradman,kbradmanjt@marketwatch.com,901-804-2700
715,Livy,MacCourt,lmaccourtju@sourceforge.net,631-683-3893
716,Dottie,Dallison,ddallisonjv@moonfruit.com,832-293-2382
717,Dov,Spadari,dspadarijw@tuttocitta.it,413-950-7839
718,Dennison,Raff,draffjx@weather.com,681-306-8556
719,Emmalynn,Lett,elettjy@wired.com,605-378-7636
720,Jessalin,Nand,jnandjz@squidoo.com,256-757-9884
721,Clarie,Gilders,cgildersk0@qq.com,239-655-2601
722,Nadine,Drexel,ndrexelk1@acquirethisname.com,694-577-8147
723,Durante,Bownas,dbownask2@theatlantic.com,882-553-9814
724,Tiphany,Shermore,tshermorek3@ucla.edu,941-340-8040
725,Lazaro,Gerald,lgeraldk4@samsung.com,304-533-7077
726,Gail,Ballston,gballstonk5@cbslocal.com,501-310-0481
727,Avrit,MacAndrew,amacandrewk6@multiply.com,495-751-4184
728,Binni,Riping,bripingk7@tripod.com,198-543-4117
729,Frederic,Baughn,fbaughnk8@163.com,746-395-3316
730,Elnora,Riep,eriepk9@toplist.cz,426-747-3361
731,Leoine,Tremmil,ltremmilka@youtu.be,448-348-9329
732,Jewell,enzley,jenzleykb@stumbleupon.com,868-860-6403
733,Mackenzie,Rijkeseis,mrijkeseiskc@g.co,896-685-3708
734,Carmella,Wheeler,cwheelerkd@angelfire.com,424-401-2283
735,Kristofor,Pennetta,kpennettake@shop-pro.jp,942-599-9290
736,Pamela,Alaway,palawaykf@mail.ru,239-481-1366
737,Brnaba,Grunwall,bgrunwallkg@cam.ac.uk,749-315-2622
738,Danyette,Garrish,dgarrishkh@npr.org,834-971-2874
739,Gilligan,Clist,gclistki@studiopress.com,760-667-9317
740,Rodrique,Tansly,rtanslykj@nature.com,149-857-7605
741,Ilsa,Paunsford,ipaunsfordkk@shop-pro.jp,986-748-4431
742,Kimberlyn,Jennaway,kjennawaykl@ning.com,923-790-3391
743,Karie,Vennart,kvennartkm@dailymail.co.uk,927-968-0391
744,Marwin,Ismay,mismaykn@reuters.com,610-763-3876
745,Sigfrid,Hounsome,shounsomeko@nps.gov,276-875-1988
746,Alasteir,Cuppleditch,acuppleditchkp@smh.com.au,151-478-3559
747,Ogden,Perkinson,operkinsonkq@goo.gl,717-447-8989
748,Estrellita,Delcastel,edelcastelkr@geocities.jp,838-313-5562
749,Carla,Dayly,cdaylyks@census.gov,884-797-8258
750,Fionna,Allum,fallumkt@psu.edu,333-862-1533
751,Octavia,Bowra,obowraku@cnn.com,145-681-6088
752,Blake,Kenwell,bkenwellkv@ucoz.ru,750-922-7987
753,Lonnie,Luke,llukekw@elegantthemes.com,424-916-6848
754,Garold,Farrant,gfarrantkx@china.com.cn,335-534-9382
755,Tanney,Morstatt,tmorstattky@eventbrite.com,141-826-4421
756,Ashleigh,Barles,abarleskz@t.co,335-750-4680
757,Janel,Konmann,jkonmannl0@storify.com,696-234-4853
758,Thaddeus,Gittose,tgittosel1@admin.ch,594-920-7912
759,Cherianne,Handrock,chandrockl2@prweb.com,562-616-2604
760,Ali,Mazdon,amazdonl3@senate.gov,243-142-8730
761,Vivien,Jenkinson,vjenkinsonl4@google.pl,937-930-8624
762,Idette,Birtle,ibirtlel5@toplist.cz,105-536-8070
763,Julianne,Merkel,jmerkell6@aboutads.info,859-143-5180
764,Adler,Cheese,acheesel7@parallels.com,476-288-2440
765,Graham,Bumpass,gbumpassl8@psu.edu,606-801-8590
766,Grete,Clamo,gclamol9@creativecommons.org,939-820-8186
767,Isaiah,Cuffe,icuffela@etsy.com,790-895-7147
768,Reg,Neave,rneavelb@mail.ru,246-213-6224
769,Darsie,Maplethorpe,dmaplethorpelc@live.com,748-691-5731
770,Tessy,Gamet,tgametld@webmd.com,600-795-3733
771,Filberte,Jorger,fjorgerle@xrea.com,756-384-2120
772,Ray,Bidewel,rbidewellf@scientificamerican.com,257-265-7129
773,Myrta,Nanelli,mnanellilg@scribd.com,906-997-4581
774,Leticia,Gimber,lgimberlh@cocolog-nifty.com,673-198-5644
775,Malcolm,Plumridge,mplumridgeli@imdb.com,478-409-3866
776,Byron,Koeppe,bkoeppelj@plala.or.jp,462-521-5639
777,Ediva,Foston,efostonlk@arstechnica.com,358-265-8907
778,Arv,Blackader,ablackaderll@cyberchimps.com,457-898-4653
779,Gabriele,Pervoe,gpervoelm@fc2.com,236-925-3718
780,Gustavus,Cooksley,gcooksleyln@washingtonpost.com,225-842-1995
781,Ada,Setchell,asetchelllo@google.co.uk,465-553-6720
782,Jessi,Klimentyev,jklimentyevlp@un.org,453-657-3311
783,Bronson,Pena,bpenalq@biglobe.ne.jp,723-854-5268
784,Elaine,Swinley,eswinleylr@hugedomains.com,309-323-3638
785,Bartie,Firsby,bfirsbyls@diigo.com,935-937-5381
786,Dona,Loosely,dlooselylt@smugmug.com,360-343-8668
787,Gabi,Fronczak,gfronczaklu@imgur.com,569-978-0956
788,Maressa,Yesichev,myesichevlv@fastcompany.com,789-948-6272
789,Kelcie,Trase,ktraselw@nationalgeographic.com,561-399-1148
790,Calypso,Burgoine,cburgoinelx@storify.com,753-734-0542
791,Pernell,Wingate,pwingately@dmoz.org,404-583-4183
792,Kassia,Birtonshaw,kbirtonshawlz@apple.com,484-391-7985
793,Merrily,Craufurd,mcraufurdm0@altervista.org,956-396-8665
794,Brian,Kernock,bkernockm1@hhs.gov,436-430-7338
795,Zerk,Carnegie,zcarnegiem2@mtv.com,472-808-1118
796,Marje,Mewburn,mmewburnm3@businessweek.com,647-130-6955
797,Kelila,Allwright,kallwrightm4@nhs.uk,861-481-7146
798,Godard,Leyman,gleymanm5@nytimes.com,305-158-9899
799,Ferdy,Russ,frussm6@imageshack.us,363-731-6263
800,Kalina,Howroyd,khowroydm7@geocities.jp,692-593-0725
801,Anita,Allman,aallmanm8@who.int,364-472-7261
802,Josefa,Balling,jballingm9@berkeley.edu,318-664-6945
803,Korrie,Kamena,kkamenama@feedburner.com,931-451-4935
804,Ainsley,Belone,abelonemb@livejournal.com,480-378-3080
805,Baldwin,Pellamont,bpellamontmc@opensource.org,145-623-2414
806,Sander,Coper,scopermd@msu.edu,761-397-7553
807,Nannette,Poxson,npoxsonme@networksolutions.com,313-150-0839
808,Sarita,Lettice,sletticemf@craigslist.org,174-688-1046
809,Dexter,Revington,drevingtonmg@skyrock.com,265-244-7657
810,Ollie,Palke,opalkemh@reuters.com,878-820-2889
811,Mercy,todor,mtodormi@sakura.ne.jp,602-548-3958
812,Devin,Peplaw,dpeplawmj@dyndns.org,704-591-9318
813,Keenan,Wrate,kwratemk@merriam-webster.com,594-405-7865
814,Bettine,Waldie,bwaldieml@t-online.de,341-751-2495
815,Joni,Stitch,jstitchmm@homestead.com,258-147-4741
816,Farrell,Stanbra,fstanbramn@cocolog-nifty.com,436-653-8789
817,Ebeneser,Roberds,eroberdsmo@sphinn.com,728-803-2952
818,Leopold,Ganders,lgandersmp@php.net,349-550-7511
819,Becky,Virgin,bvirginmq@constantcontact.com,920-531-2002
820,Niki,Sparling,nsparlingmr@yelp.com,371-320-3997
821,Tiler,Pexton,tpextonms@constantcontact.com,255-285-2631
822,Sorcha,Barlace,sbarlacemt@dyndns.org,189-639-8271
823,Karlik,Bemwell,kbemwellmu@macromedia.com,963-612-9292
824,Carlin,Okeshott,cokeshottmv@live.com,315-688-1541
825,Oswell,Fishpond,ofishpondmw@berkeley.edu,801-818-5030
826,Stillmann,Dripp,sdrippmx@hp.com,342-985-9056
827,Caren,Toth,ctothmy@reverbnation.com,886-372-2625
828,Bari,Tait,btaitmz@dailymail.co.uk,209-183-8379
829,Elbertine,Kaine,ekainen0@spiegel.de,667-800-3194
830,Ximenez,Plaice,xplaicen1@smh.com.au,951-677-4369
831,Ben,Georgot,bgeorgotn2@twitter.com,862-359-4118
832,Leela,Desbrow,ldesbrown3@reddit.com,791-811-9113
833,Andriette,Rothwell,arothwelln4@whitehouse.gov,400-429-5998
834,Ode,Ellson,oellsonn5@free.fr,419-263-6613
835,Filide,Langworthy,flangworthyn6@angelfire.com,347-912-3962
836,Tab,Willmer,twillmern7@cnet.com,584-240-1603
837,Irita,Rowswell,irowswelln8@geocities.jp,334-843-5423
838,Leeann,Terlinden,lterlindenn9@wiley.com,408-825-7513
839,Katharine,Boake,kboakena@merriam-webster.com,363-101-2403
840,Willa,Fann,wfannnb@gravatar.com,720-474-1022
841,Matty,Hazeltine,mhazeltinenc@webmd.com,208-204-3539
842,Madge,Geeritz,mgeeritznd@sbwire.com,652-801-4327
843,Emlen,Wolfer,ewolferne@mysql.com,626-379-3412
844,Wendall,Huton,whutonnf@slate.com,366-142-1681
845,Antonella,Halkyard,ahalkyardng@businessweek.com,908-972-3228
846,Ronnie,Colleer,rcolleernh@prweb.com,277-870-1438
847,Alaric,O'Monahan,aomonahanni@webnode.com,505-603-7639
848,Erv,Cuer,ecuernj@delicious.com,470-163-8145
849,Veronika,Dybell,vdybellnk@bandcamp.com,595-962-2973
850,Katharina,Osmant,kosmantnl@geocities.jp,606-260-8254
851,Max,Dearden,mdeardennm@vistaprint.com,721-670-0361
852,Wang,Mitchelson,wmitchelsonnn@dailymotion.com,228-191-9939
853,Bartie,O'Brallaghan,bobrallaghanno@hubpages.com,289-630-9953
854,Rriocard,Crispe,rcrispenp@washington.edu,673-966-3715
855,Amos,Prestedge,aprestedgenq@skype.com,945-327-6601
856,Estella,Skitch,eskitchnr@cpanel.net,587-566-7046
857,Brandyn,Stonall,bstonallns@mac.com,302-917-7101
858,Melly,Greedier,mgreediernt@hud.gov,671-302-0169
859,Ward,Diehn,wdiehnnu@sciencedaily.com,566-553-9228
860,Renault,Elton,reltonnv@ft.com,755-780-9446
861,Hobard,Glandon,hglandonnw@sfgate.com,757-157-1354
862,Rikki,Antonelli,rantonellinx@ustream.tv,156-571-2808
863,Deina,Phillipson,dphillipsonny@prweb.com,794-455-4853
864,Tiena,Metrick,tmetricknz@etsy.com,904-124-2605
865,Rosamond,Sivess,rsivesso0@ox.ac.uk,676-198-9802
866,Thacher,Suffield,tsuffieldo1@symantec.com,192-191-4765
867,Somerset,Klementz,sklementzo2@ning.com,812-159-4245
868,Mattheus,Goodings,mgoodingso3@columbia.edu,301-966-6129
869,Dorey,Sailes,dsaileso4@jiathis.com,194-694-3498
870,Donovan,Demicoli,ddemicolio5@canalblog.com,303-133-7837
871,Alejoa,Gambie,agambieo6@usa.gov,296-906-5574
872,Christine,Etheridge,cetheridgeo7@chronoengine.com,644-730-2996
873,Cal,Karczinski,ckarczinskio8@barnesandnoble.com,146-395-5853
874,Vidovic,Flack,vflacko9@msu.edu,419-600-9415
875,Odessa,Sweetsur,osweetsuroa@mtv.com,759-405-7989
876,Cart,Constable,cconstableob@discovery.com,968-530-2468
877,Elvis,Antognelli,eantognellioc@booking.com,856-953-1689
878,Elissa,Paybody,epaybodyod@microsoft.com,137-177-9432
879,Mandie,Leipold,mleipoldoe@bandcamp.com,662-730-1430
880,Willyt,O'Flaherty,woflahertyof@ucoz.com,848-221-9354
881,Robyn,Urch,rurchog@intel.com,238-148-9797
882,Olivie,Woolager,owoolageroh@blogs.com,973-230-9817
883,Gail,Kissack,gkissackoi@mapy.cz,175-468-4894
884,Rayner,Tute,rtuteoj@yelp.com,390-355-6167
885,Marcille,Andries,mandriesok@miitbeian.gov.cn,606-987-2395
886,Alley,Crighton,acrightonol@mozilla.org,243-940-9443
887,Beau,Gowland,bgowlandom@apache.org,823-473-1219
888,Wilt,Alcott,walcotton@cornell.edu,444-888-2714
889,Helene,Seiter,hseiteroo@hc360.com,152-548-9205
890,Conrade,Covelle,ccovelleop@sciencedaily.com,781-406-2438
891,Maxy,Pellew,mpellewoq@huffingtonpost.com,898-105-5184
892,Delmar,Maystone,dmaystoneor@nasa.gov,716-545-6043
893,Hayley,Lundy,hlundyos@phpbb.com,143-625-7263
894,Thomasin,Rockcliff,trockcliffot@mapy.cz,382-537-8367
895,Blaine,Cassells,bcassellsou@timesonline.co.uk,209-790-4761
896,Gail,Danilewicz,gdanilewiczov@guardian.co.uk,161-268-2389
897,Bernie,Haddington,bhaddingtonow@nydailynews.com,822-345-9354
898,Tomasina,Locksley,tlocksleyox@merriam-webster.com,227-217-7622
899,Clayborne,Jenik,cjenikoy@ocn.ne.jp,895-822-1835
900,Lishe,Symson,lsymsonoz@tumblr.com,488-471-8771
901,Faustine,Tuxsell,ftuxsellp0@google.co.jp,752-884-9116
902,Wendye,Lawling,wlawlingp1@goo.ne.jp,518-934-5709
903,Lorin,Eland,lelandp2@google.fr,438-585-8445
904,Henderson,Greet,hgreetp3@seattletimes.com,685-275-4212
905,Egbert,MacGlory,emacgloryp4@google.it,872-327-7643
906,Verge,Calafato,vcalafatop5@freewebs.com,802-952-9675
907,Vitoria,Crudgington,vcrudgingtonp6@gov.uk,203-272-5116
908,Lancelot,Limeburner,llimeburnerp7@amazonaws.com,622-113-2945
909,Felicity,Cornely,fcornelyp8@istockphoto.com,166-366-2864
910,Nance,Holton,nholtonp9@liveinternet.ru,520-173-2714
911,Vilhelmina,Petow,vpetowpa@pcworld.com,884-550-1846
912,Adriana,Oury,aourypb@ebay.co.uk,504-111-9113
913,Celinda,Spinley,cspinleypc@prweb.com,438-312-2510
914,Lind,Rushman,lrushmanpd@nba.com,780-644-9055
915,Ainsley,Kenzie,akenziepe@army.mil,691-156-5301
916,Douglass,Shippam,dshippampf@mediafire.com,527-961-6651
917,Wakefield,Duval,wduvalpg@msu.edu,540-648-6653
918,Rebecka,Tunder,rtunderph@ucsd.edu,454-323-5208
919,Janaye,Cranston,jcranstonpi@sciencedirect.com,297-713-9041
920,Lorelei,Shimoni,lshimonipj@mapquest.com,587-640-6961
921,Austine,Mc Caghan,amccaghanpk@webeden.co.uk,419-422-6234
922,Bernard,Danet,bdanetpl@google.ru,338-485-4697
923,Bendicty,Machon,bmachonpm@aboutads.info,861-516-7435
924,Mathilde,Comiam,mcomiampn@ebay.com,204-358-4097
925,Porter,Trayhorn,ptrayhornpo@deliciousdays.com,174-341-8466
926,Viviene,Aggas,vaggaspp@bbb.org,881-430-7612
927,Forest,Cathcart,fcathcartpq@tuttocitta.it,722-487-7314
928,Erick,Hayhoe,ehayhoepr@bluehost.com,776-156-9779
929,Orazio,Downgate,odowngateps@w3.org,856-528-9985
930,Kendra,Buttfield,kbuttfieldpt@furl.net,364-768-7947
931,Ailey,Badcock,abadcockpu@salon.com,265-739-5745
932,Piper,Gadsdon,pgadsdonpv@digg.com,602-680-8409
933,Daniella,Stanney,dstanneypw@ameblo.jp,382-341-8762
934,Philippa,Nason,pnasonpx@ebay.com,139-457-3650
935,Alisa,Rogez,arogezpy@state.gov,625-704-0102
936,Sally,Mattiacci,smattiaccipz@bloomberg.com,564-504-0681
937,Shanon,Georgot,sgeorgotq0@goodreads.com,413-786-8643
938,Georgie,Bruckent,gbruckentq1@weather.com,434-228-6919
939,Zachery,Crosham,zcroshamq2@msu.edu,776-978-7566
940,Fabiano,Capaldi,fcapaldiq3@npr.org,965-177-9266
941,Hillyer,Cayzer,hcayzerq4@deviantart.com,968-101-7984
942,Hetti,Sanbrooke,hsanbrookeq5@canalblog.com,856-696-8139
943,Lusa,Radford,lradfordq6@51.la,449-434-8101
944,Alexandros,Ayto,aaytoq7@sina.com.cn,984-766-7334
945,Jaclin,Lavallie,jlavallieq8@drupal.org,825-541-8864
946,Geri,Dumphrey,gdumphreyq9@upenn.edu,541-776-1260
947,Marna,Kilfeather,mkilfeatherqa@weebly.com,775-213-7914
948,Darline,Hourigan,dhouriganqb@sogou.com,882-252-7877
949,Carroll,Tyre,ctyreqc@cloudflare.com,996-409-8237
950,Hedwiga,Barttrum,hbarttrumqd@vistaprint.com,278-689-7205
951,Kira,Dunley,kdunleyqe@house.gov,291-488-2354
952,Lauralee,Cradduck,lcradduckqf@google.ca,313-629-6812
953,Irvin,Benz,ibenzqg@yandex.ru,182-447-4641
954,Reggi,Castellet,rcastelletqh@census.gov,983-449-5392
955,Zonda,Spacie,zspacieqi@hc360.com,825-533-7355
956,Nelia,Lacotte,nlacotteqj@angelfire.com,427-882-7279
957,Staffard,Redmille,sredmilleqk@buzzfeed.com,671-936-3050
958,Ferdy,Meininking,fmeininkingql@google.com.br,895-603-6789
959,Arabelle,Jeffray,ajeffrayqm@tamu.edu,617-406-8749
960,Doretta,Rosario,drosarioqn@goo.gl,951-535-0344
961,Neda,Chaim,nchaimqo@home.pl,153-797-2765
962,Kim,Dienes,kdienesqp@timesonline.co.uk,948-154-6143
963,Melamie,Lukehurst,mlukehurstqq@umn.edu,128-182-2589
964,Dyan,Hastilow,dhastilowqr@wikia.com,256-966-4915
965,Boyd,Taysbil,btaysbilqs@about.com,122-659-1846
966,Esmaria,Shobrook,eshobrookqt@japanpost.jp,887-429-3143
967,Emlyn,Tee,eteequ@ask.com,591-172-6698
968,Gardie,Butrimovich,gbutrimovichqv@ed.gov,551-321-3128
969,Berke,Gowenlock,bgowenlockqw@pagesperso-orange.fr,603-348-8913
970,Gale,Reidshaw,greidshawqx@studiopress.com,674-585-4171
971,Cindra,Bonellie,cbonellieqy@163.com,245-469-0862
972,Heath,Condit,hconditqz@adobe.com,441-348-7617
973,Rickert,Lucock,rlucockr0@list-manage.com,691-999-9105
974,Ronni,Bour,rbourr1@mapy.cz,505-937-7281
975,Findley,Newlan,fnewlanr2@cargocollective.com,181-422-1097
976,Christen,Barense,cbarenser3@twitpic.com,753-549-3975
977,Oneida,Cregan,ocreganr4@google.com.br,172-437-5883
978,Rock,Mayho,rmayhor5@oakley.com,978-493-8363
979,Kristofor,Cracknall,kcracknallr6@about.com,351-749-1835
980,Dulcy,Easterfield,deasterfieldr7@marriott.com,878-865-0296
981,Armando,Dinsmore,adinsmorer8@latimes.com,391-714-8185
982,Christoph,Roche,crocher9@dot.gov,628-727-9976
983,Ashbey,Ingold,aingoldra@miibeian.gov.cn,781-833-5232
984,Shaw,Balstone,sbalstonerb@mashable.com,322-612-7332
985,Curtis,Varran,cvarranrc@devhub.com,557-782-7425
986,Darbie,Covey,dcoveyrd@reddit.com,337-970-3932
987,Fax,Wallice,fwallicere@guardian.co.uk,855-363-3415
988,Eugenius,Petch,epetchrf@mapquest.com,193-913-6933
989,Rriocard,Oloshkin,roloshkinrg@surveymonkey.com,411-304-6525
990,Jaine,Ballard,jballardrh@miibeian.gov.cn,966-348-0492
991,Carine,Burndred,cburndredri@ow.ly,425-891-5568
992,Parsifal,Aindriu,paindriurj@bbc.co.uk,767-390-1269
993,Paolo,Sherrett,psherrettrk@issuu.com,546-327-0319
994,Nollie,Beckham,nbeckhamrl@netscape.com,644-843-9730
995,Sandor,Espadero,sespaderorm@google.ca,690-304-5666
996,Ira,Boffin,iboffinrn@ted.com,728-307-9551
997,Jill,Simms,jsimmsro@hostgator.com,324-315-6710
998,Janeczka,Verrillo,jverrillorp@state.gov,574-227-4282
999,Betta,Gaskal,bgaskalrq@ibm.com,592-759-1294
1000,Sarah,Ambage,sambagerr@yolasite.com,913-506-6351
